Name,City,State,Country
Alternate Ending Beer Co.,Aberdeen Township,NJ,USA
Lita,Aberdeen Township,NJ,USA
Big Country Beer Garden,Abilene,TX,USA
Cork and Pig,Abilene,TX,USA
Perini Ranch Steakhouse,Abilene,TX,USA
Taylor County Taphouse,Abilene,TX,USA
Inness,Accord,NY,USA
Myrth,Ada Township,MI,USA
Greenway Table & Tap,Addison Il,IL,USA
Malia's Restaurant,Aiken,SC,USA
The Wildemount,Aiken,SC,USA
RSVP New York,Airmont Ny,NY,USA
Cilantro Thai & Sushi Restaurant,Akron,OH,USA
Ken Stewart's Grille,Akron,OH,USA
Pasta Pelican Inc.,Alameda,CA,USA
Saltbreaker,Alameda,CA,USA
Yonsei Handrolls - Albany,Albany Ca,CA,USA
Fin and Feathers Albany,Albany,GA,USA
Chez Mike,Albany,NY,USA